Designator,Mid X,Mid Y,Rotation,Layer
C1,123.05,-60.05,270.0,top
C2,134.05,-60.05,270.0,top
C3,145.0,-60.05,270.0,top
C4,156.8,-60.05,270.0,top
C5,154.3,-66.55,180.0,top
J1,146.15,-76.52,0.0,top
J2,128.185,-77.85,270.0,top
J3,125.9,-38.0,0.0,top
J4,142.2,-38.0,0.0,top
Q1,117.0,-47.925,90.0,top
Q2,128.35,-47.925,90.0,top
Q3,139.65,-47.925,90.0,top
Q4,150.95,-47.925,90.0,top
R1,114.55,-60.1,270.0,top
R10,140.9,-60.1,270.0,top
R11,142.9,-60.1,90.0,top
R12,147.9,-60.1,270.0,top
R13,149.9,-60.1,270.0,top
R14,151.9,-60.1,270.0,top
R2,116.516667,-60.1,270.0,top
R3,118.483333,-60.1,270.0,top
R4,120.45,-60.1,90.0,top
R5,126.025,-60.1,270.0,top
R6,128.0,-60.1,270.0,top
R7,129.975,-60.1,270.0,top
R8,136.95,-60.1,270.0,top
R9,138.916667,-60.1,270.0,top
U5,133.88,-70.64,90.0,top
